Artist Name,Year,Movie,Critic Score,Audience Score,Box Office Score,Updated By
Dhanush,2010,Uthama puthiran,5,7,5,
Dhanush,2011,Venghai,4,5,4,
Dhanush,2012,3,7,8,8,
Dhanush,2013,Maryan,8,7,7,
Dhanush,2014,VIP,8,9,8,
Dhanush,2015,Anegan,5,5,4,
Dhanush,2016,Kodi,6,7,7,
Dhanush,2017,VIP 2,3,4,3,
Dhanush,2018,Vada chennai,9,9,9,
Dhanush,2019,Asuran,8,9,9,
Dhanush,2020,Pattas,6,8,7,
Simbu,2010,VTV,8,9,8,
Simbu,2011,Osthi,4,6,5,
Simbu,2012,Podaa podi,5,5,3,
Simbu,2013,Kanna laddu thinna aasaiya,4,4,3,
Simbu,2014,Inga enna solluthu,5,6,5,
Simbu,2015,Vaalu,4,5,5,
Simbu,2016,Achcham enbathu madamaiyada,4,4,3,
Simbu,2017,Anbanavan adangathavan asarathavan,3,4,2,
Simbu,2018,Chekka chivantha vaanam,8,9,8,
Simbu,2019,Vantha Rajavathan varuven,5,7,6,
Simbu,2019,Kaatrin mozhi,7,7,5,
Vijay,2010,Sura,5,7,5,
Vijay,2011,Velayudham,5,5,4,
Vijay,2012,Thuppaki,8,9,9,
Vijay,2013,Thalaivaa,5,7,6,
Vijay,2014,Kaththi,7,9,9,
Vijay,2015,Puli,5,6,5,
Vijay,2016,Theri,7,9,9,
Vijay,2017,Mersal,8,8,9,
Vijay,2018,Sarkar,8,9,9,
Vijay,2019,Bigil,7,8,9,
Anirudh Ravichandran,2012,3,7,8,9,
Anirudh Ravichandran,2013,David,7,8,7,
Anirudh Ravichandran,2013,Ethir neechal,8,8,8,
Anirudh Ravichandran,2013,Vanakkam chennai,8,9,8,
Anirudh Ravichandran,2014,Vellailla pattadhaari,9,8,9,
Anirudh Ravichandran,2015,Vedhalam,7,8,8,
Anirudh Ravichandran,2016,Remo,8,8,7,
Anirudh Ravichandran,2017,Vivegam,7,8,8,
Anirudh Ravichandran,2018,Kolamavu kokila,6,7,8,
Anirudh Ravichandran,2019,Petta,8,9,9,
Anirudh Ravichandran,2020,Darbar,8,8,8,
Siva Karthikeyan,2012,3,7,7,8,
Siva Karthikeyan,2012,Manam kothi paravai,6,5,5,
Siva Karthikeyan,2013,Kedi Billa killadi Ranga,7,7,8,
Siva Karthikeyan,2013,Varuthapadatha valibar sangam,7,8,8,
Siva Karthikeyan,2014,Maan karate,7,8,8,
Siva Karthikeyan,2015,Rajini murugan,6,8,7,
Siva Karthikeyan,2016,Remo,8,9,8,
Siva Karthikeyan,2017,Velaikaran,8,8,9,
Siva Karthikeyan,2018,Seema Raja,6,7,6,
Siva Karthikeyan,2019,Mr local,6,6,5,
Siva Karthikeyan,2019,Hero,7,6,6,
Samantha,2010,Baana kaathadi,7,8,7,
Samantha,2012,Naan E,8,9,9,
Samantha,2012,Neethane En ponvasantham,7,7,7,
Samantha,2014,Anjaan,7,8,8,
Samantha,2014,Kaththi,8,8,9,
Samantha,2015,Thanga magan,7,8,7,
Samantha,2016,24,8,8,8,
Samantha,2017,Mersal,7,9,9,
Samantha,2018,U Turn,8,7,7,
Samantha,2018,Irumbu thirai,7,6,7,
Samantha,2019,Super deluxe,8,8,7,
Keerthy Suresh,2016,Rajini murugan,6,8,7,
Keerthy Suresh,2016,Thodari,5,6,7,
Keerthy Suresh,2016,Remo,8,9,8,
Keerthy Suresh,2017,Bairavaa,6,6,7,
Keerthy Suresh,2018,Thaana serntha koottam,7,6,7,
Keerthy Suresh,2018,Nadigayar thilagam,9,8,9,
Keerthy Suresh,2018,Seema raja,6,7,6,
Keerthy Suresh,2018,Saamy 2,6,7,7,
Keerthy Suresh,2018,Sandakozhi 2,7,7,8,
Keerthy Suresh,2018,Sarkar,6,7,8,
Keerthy Suresh,2020,Penguin,7,7,7,
AR Rahman,2010,Enthiran,8,9,9,
AR Rahman,2010,Vinnai thaandi varuvaaya,8,8,9,
AR Rahman,2012,Kadal,8,8,8,
AR Rahman,2013,Maryan,8,8,9,
AR Rahman,2014,Kochadaiyaan,7,8,8,
AR Rahman,2015,I,8,9,9,
AR Rahman,2016,24,7,8,8,
AR Rahman,2017,Mersal,8,8,9,
AR Rahman,2018,2.o,8,8,8,
AR Rahman,2018,Sarkar,8,8,9,
AR Rahman,2019,Bigil,8,8,9,
Shankar,1993,Gentle man,8,8,9,
Shankar,1994,Kaadhalan,,,,
Shankar,1996,Indian,8,9,9,
Shankar,1999,Mudhalvan,7,8,7,
Shankar,2003,Boys,9,8,8,
Shankar,2005,Anniyan,9,9,9,
Shankar,2007,Sivaji,9,9,9,
Shankar,2010,Enthiran,8,9,9,
Shankar,2012,Nanban,8,8,9,
Shankar,2015,I,9,9,9,
Shankar,2018,2.o,8,9,9,
Harris Jayaraj,2010,Sura,7,8,8,
Harris Jayaraj,2011,7aum arivu,8,9,8,
Harris Jayaraj,2012,Nanban,8,9,8,
Harris Jayaraj,2013,Endrendrum Punnagai,7,8,8,
Harris Jayaraj,2014,Idhu Kathirvelan Kadhal,7,6,7,
Harris Jayaraj,2015,Anegan,7,8,7,
Harris Jayaraj,2016,Iru Mugan,8,8,8,
Harris Jayaraj,2017,Vanamagan,6,7,6,
Harris Jayaraj,2017,Spyder,6,5,6,
Harris Jayaraj,2019,Dev,6,7,5,
Harris Jayaraj,2019,Kaappan,7,8,7,
AR Murugadoss,2001,Dheena,6,7,7,
AR Murugadoss,2002,Ramana,8,9,9,
AR Murugadoss,2005,Ghajini,9,9,9,
AR Murugadoss,2011,7 am arivu,8,8,8,
AR Murugadoss,2012,Thuppaki,8,9,9,
AR Murugadoss,2014,Kaththi,8,9,9,
AR Murugadoss,2016,,,,,
AR Murugadoss,2017,Spyder,7,7,6,
AR Murugadoss,2018,Sarkar,8,9,8,
AR Murugadoss,2019,,,,,
AR Murugadoss,2020,Darbar,8,9,9,
Jayam Ravi,2010,Thillalangadi,6,7,7,
Jayam Ravi,2011,Engeyum Kadhal,7,7,6,
Jayam Ravi,2013,Aadhi Bhagavan,4,3,3,
Jayam Ravi,2014,Nimirndhu nil,6,6,5,
Jayam Ravi,2015,Romeo Juliet,8,7,7,
Jayam Ravi,2015,Thani Oruvan,9,9,9,
Jayam Ravi,2016,Miruthan,6,8,7,
Jayam Ravi,2017,Bogan,7,7,8,
Jayam Ravi,2018,Tik Tik Tik,7,6,7,
Jayam Ravi,2018,Adanga maru,7,9,8,
Jayam Ravi,2019,Comali,5,7,6,
Yuvan Shankar Raja,2010,Thillalangadi,7,7,6,
Yuvan Shankar Raja,2011,Mankatha,8,9,8,
Yuvan Shankar Raja,2012,Billa 2,6,8,5,
Yuvan Shankar Raja,2013,Arrambam,6,7,6,
Yuvan Shankar Raja,2014,Anjaan,4,5,4,
Yuvan Shankar Raja,2015,Mass,6,7,5,
Yuvan Shankar Raja,2016,Dharma Durai,6,8,6,
Yuvan Shankar Raja,2017,Kadamban,6,5,4,
Yuvan Shankar Raja,2018,Irumbu Thirai,8,10,7,
Yuvan Shankar Raja,2019,NGK,6,8,6,
Yuvan Shankar Raja,2019,Hero,7,6,4,
Nayanthara,2010,Boss Engira Bhaskaran,6,7,6,
Nayanthara,2013,Aarambam,6,7,6,
Nayanthara,2013,Raja Rani,7,8,6,
Nayanthara,2014,Idhu Kathirvelanin kadhal,6,6,4,
Nayanthara,2015,Nanbenda,,,,
Nayanthara,2015,Maya,,,,
Nayanthara,2016,Iru Mugan,,,,
Nayanthara,2017,Dora,,,,
Nayanthara,2018,Kolamavu Kokila,,,,
Nayanthara,2019,Viswasam,,,,
Nayanthara,2019,Bigil,,,,
Mani Ratnam,1990,Anjali,,,,
Mani Ratnam,1991,Thalapathy,,,,
Mani Ratnam,1992,Roja,,,,
Mani Ratnam,1995,Bombay,,,,
Mani Ratnam,2000,Alaipayuthey,,,,
Mani Ratnam,2004,Ayutha eluthu,,,,
Mani Ratnam,2010,Raavanan,,,,
Mani Ratnam,2013,Kadal,,,,
Mani Ratnam,2015,O kadhal kanmani,,,,
Mani Ratnam,2017,Kaatru veliyidai,,,,
Mani Ratnam,2018,Chekka chivantha vaanam,,,,
KS Ravi Kumar,1994,Naattamai,,,,
KS Ravi Kumar,1996,Avvai Shanmugi,,,,
KS Ravi Kumar,1999,Padayappa,,,,
KS Ravi Kumar,2002,Panchathanthiram,,,,
KS Ravi Kumar,2004,Aethiree,,,,
KS Ravi Kumar,2006,Saravana,,,,
KS Ravi Kumar,2008,Dasavatharam,,,,
KS Ravi Kumar,2009,Aadhavan,,,,
KS Ravi Kumar,2010,Manmadhan Ambu,,,,
KS Ravi Kumar,2014,Lingaa,,,,
KS Ravi Kumar,2016,Mudinja Ivana pudi,,,,
Vadivelu,2009,Aadhavan,,,,
Vadivelu,2010,Sura,,,,
Vadivelu,2010,Thillalangadi,,,,
Vadivelu,2010,Nagaram,,,,
Vadivelu,2011,Kaavalan,,,,
Vadivelu,2011,Mambattiyaan,,,,
Vadivelu,2014,Tenali Raman,,,,
Vadivelu,2015,Eli,,,,
Vadivelu,2016,Kaththi Sandai,,,,
Vadivelu,2017,Shivalinga,,,,
Vadivelu,2017,Mersal,,,,
Trisha,2010,Vinnai Thaandi Varuvayaa,,,,
Trisha,2011,Mankatha,,,,
Trisha,2012,,,,,
Trisha,2013,Samar,,,,
Trisha,2014,,,,,
Trisha,2015,Yennai Arindhaal,,,,
Trisha,2016,Aranmanai 2,,,,
Trisha,2017,,,,,
Trisha,2018,96,,,,
Trisha,2019,Petta,,,,
Trisha,2020,,,,,
Raghava Lawrence,2010,Irumbokottai murattu Singam,,,,
Raghava Lawrence,2011,Kanchana,,,,
Raghava Lawrence,2012,,,,,
Raghava Lawrence,2013,,,,,
Raghava Lawrence,2014,,,,,
Raghava Lawrence,2015,Kanchana 2,,,,
Raghava Lawrence,2016,,,,,
Raghava Lawrence,2017,Motta Siva ketta Siva,,,,
Raghava Lawrence,2017,Shivalinga,,,,
Raghava Lawrence,2019,Kanchana 3,,,,
Raghava Lawrence,2020,,,,,
Vivek,2010,Singam,,,,
Vivek,2011,Vedi,,,,
Vivek,2012,Muratu Kalai,,,,
Vivek,2013,Singam 2,,,,
Vivek,2014,Velaiyilla Pattathari,,,,
Vivek,2015,Yennai Arindhal,,,,
Vivek,2016,Manithan,,,,
Vivek,2017,VIP 2,,,,
Vivek,2018,Ezhumin,,,,
Vivek,2019,Viswasam,,,,
Vivek,2020,Dharala Prabhu,,,,
Vetrimaran,2010,,,,,
Vetrimaran,2011,Aadukalam,,,,
Vetrimaran,2012,,,,,
Vetrimaran,2013,Udhayam NH4,,,,
Vetrimaran,2014,Poriyaalan,,,,
Vetrimaran,2015,Kaaka Muttai,,,,
Vetrimaran,2016,Visaaranai,,,,
Vetrimaran,2017,Lens,,,,
Vetrimaran,2018,Vada Chennai,,,,
Vetrimaran,2019,Asuran,,,,
Vetrimaran,2020,,,,,
Tamannaah,2010,Paiyaa,,,,
Tamannaah,2011,Siruthai,,,,
Tamannaah,2012,,,,,
Tamannaah,2013,,,,,
Tamannaah,2014,Veeram,,,,
Tamannaah,2015,Baahubali,,,,
Tamannaah,2016,Thozha,,,,
Tamannaah,2017,Baahubali 2,,,,
Tamannaah,2018,Sketch,,,,
Tamannaah,2019,Devi 2,,,,
Tamannaah,2020,,,,,
Hiphop Tamizha,2010,,,,,
Hiphop Tamizha,2011,,,,,
Hiphop Tamizha,2012,,,,,
Hiphop Tamizha,2013,,,,,
Hiphop Tamizha,2014,,,,,
Hiphop Tamizha,2015,,,,,
Hiphop Tamizha,2016,,,,,
Hiphop Tamizha,2017,Meesaya Murukku,,,,
Hiphop Tamizha,2018,,,,,
Hiphop Tamizha,2019,Natpe Thunai,,,,
Hiphop Tamizha,2020,Naan Sirithal,,,,
Gautam Vasudev Menon,2010,,,,,
Gautam Vasudev Menon,2011,Nadunisi Naaygal,,,,
Gautam Vasudev Menon,2012,Neethaane En Ponvasantham,,,,
Gautam Vasudev Menon,2013,,,,,
Gautam Vasudev Menon,2014,,,,,
Gautam Vasudev Menon,2015,Yennai Arindhal,,,,
Gautam Vasudev Menon,2016,Achcham Enbathu Madamaiyada,,,,
Gautam Vasudev Menon,2017,,,,,
Gautam Vasudev Menon,2018,,,,,
Gautam Vasudev Menon,2019,Enai Noki Paayum Thota,,,,
Gautam Vasudev Menon,2020,,,,,
Santhanam,2010,Boss Engira Bhaskaran,,,,
Santhanam,2011,Deiva Thirumagal,,,,
Santhanam,2012,Kalakalappu,,,,
Santhanam,2013,Thalaiva,,,,
Santhanam,2014,Veeram,,,,
Santhanam,2015,I,,,,
Santhanam,2016,Dhilluku Dhuddu,,,,
Santhanam,2017,Sakka Podu Podu Raja,,,,
Santhanam,2018,,,,,
Santhanam,2019,Dhilluku Dhuddu 2,,,,
Santhanam,2020,Dagaalty,,,,
Sasikumar,2010,Easan,,,,
Sasikumar,2011,Ko,,,,
Sasikumar,2012,Sundarapandian,,,,
Sasikumar,2013,Kutti Puli,,,,
Sasikumar,2014,Nimirndhu Nil,,,,
Sasikumar,2015,,,,,
Sasikumar,2016,Thaarai Thapatai,,,,
Sasikumar,2017,Kodiveeran,,,,
Sasikumar,2018,Asuravadham,,,,
Sasikumar,2019,Petta,,,,
Sasikumar,2020,,,,,
Rajinikanth,2010,Enthiran,,,,
Rajinikanth,2011,Ra. One,,,,
Rajinikanth,2012,,,,,
Rajinikanth,2013,,,,,
Rajinikanth,2014,Kochadaiyan,,,,
Rajinikanth,2015,Kabali,,,,
Rajinikanth,2016,,,,,
Rajinikanth,2018,2.O,,,,
Rajinikanth,2018,Kaala,,,,
Rajinikanth,2019,Petta,,,,
Rajinikanth,2020,Darbar,,,,
Ajith Kumar,2010,Aasal,,,,
Ajith Kumar,2011,Mankatha,,,,
Ajith Kumar,2012,Billa 2,,,,
Ajith Kumar,2013,Arrambam,,,,
Ajith Kumar,2014,Veeram,,,,
Ajith Kumar,2015,Yennai Arindhal,,,,
Ajith Kumar,2016,,,,,
Ajith Kumar,2017,Vivegam,,,,
Ajith Kumar,2018,Viswasam,,,,
Ajith Kumar,2019,Nerkonda Parvai,,,,
Ajith Kumar,2020,,,,,
Vishal,2010,,,,,
Vishal,2011,,,,,
Vishal,2012,,,,,
Vishal,2013,,,,,
Vishal,2014,,,,,
Vishal,2015,,,,,
Vishal,2016,,,,,
Vishal,2017,,,,,
Vishal,2018,,,,,
Vishal,2019,,,,,
Vishal,2020,,,,,
Soori,2010,Naan Mahaan Alla,,,,
Soori,2011,Velayudham,,,,
Soori,2012,Manam Kothi Paravai,,,,
Soori,2013,Kedi Billa Kiladi Ranga,,,,
Soori,2014,Jilla,,,,
Soori,2015,Vedalam,,,,
Soori,2016,Rajini Murugan,,,,
Soori,2017,Saravanan Iruka Bayamen,,,,
Soori,2018,Sketch,,,,
Soori,2019,Kanchana 3,,,,
Soori,2020,,,,,
Suriya,2010,Singam,,,,
Suriya,2011,7aum Arivu,,,,
Suriya,2012,Maattrraan,,,,
Suriya,2013,Singam 2,,,,
Suriya,2014,Anjaan,,,,
Suriya,2015,,,,,
Suriya,2016,,,,,
Suriya,2017,,,,,
Suriya,2018,,,,,
Suriya,2019,,,,,
Suriya,2020,,,,,
Illayaraja,2010,,,,,
Illayaraja,2011,,,,,
Illayaraja,2012,,,,,
Illayaraja,2013,,,,,
Illayaraja,2014,,,,,
Illayaraja,2015,,,,,
Illayaraja,2016,,,,,
Illayaraja,2017,,,,,
Illayaraja,2018,,,,,
Illayaraja,2019,,,,,
Illayaraja,2020,,,,,
Karthi,2010,,,,,
Karthi,2011,,,,,
Karthi,2012,,,,,
Karthi,2013,,,,,
Karthi,2014,,,,,
Karthi,2015,,,,,
Karthi,2016,,,,,
Karthi,2017,,,,,
Karthi,2018,,,,,
Karthi,2019,,,,,
Karthi,2020,,,,,
Vimal,2010,,,,,
Vimal,2011,,,,,
Vimal,2012,,,,,
Vimal,2013,,,,,
Vimal,2014,,,,,
Vimal,2015,,,,,
Vimal,2016,,,,,
Vimal,2017,,,,,
Vimal,2018,,,,,
Vimal,2019,,,,,
Vimal,2020,,,,,
Aushka Shetty,2010,,,,,
Aushka Shetty,2011,,,,,
Aushka Shetty,2012,,,,,
Aushka Shetty,2013,,,,,
Aushka Shetty,2014,,,,,
Aushka Shetty,2015,,,,,
Aushka Shetty,2016,,,,,
Aushka Shetty,2017,,,,,
Aushka Shetty,2018,,,,,
Aushka Shetty,2019,,,,,
Aushka Shetty,2020,,,,,
Vishnu Vishal,2010,,,,,
Vishnu Vishal,2011,,,,,
Vishnu Vishal,2012,,,,,
Vishnu Vishal,2013,,,,,
Vishnu Vishal,2014,,,,,
Vishnu Vishal,2015,,,,,
Vishnu Vishal,2016,,,,,
Vishnu Vishal,2017,,,,,
Vishnu Vishal,2018,,,,,
Vishnu Vishal,2019,,,,,
Vishnu Vishal,2020,,,,,
Arya,2010,,,,,
Arya,2011,,,,,
Arya,2012,,,,,
Arya,2013,,,,,
Arya,2014,,,,,
Arya,2015,,,,,
Arya,2016,,,,,
Arya,2017,,,,,
Arya,2018,,,,,
Arya,2019,,,,,
Arya,2020,,,,,
GV Prakash Kumar,2010,,,,,
GV Prakash Kumar,2011,,,,,
GV Prakash Kumar,2012,,,,,
GV Prakash Kumar,2013,,,,,
GV Prakash Kumar,2014,,,,,
GV Prakash Kumar,2015,,,,,
GV Prakash Kumar,2016,,,,,
GV Prakash Kumar,2017,,,,,
GV Prakash Kumar,2018,,,,,
GV Prakash Kumar,2019,,,,,
GV Prakash Kumar,2020,,,,,
Raai Lakshmi,2010,,,,,
Raai Lakshmi,2011,,,,,
Raai Lakshmi,2012,,,,,
Raai Lakshmi,2013,,,,,
Raai Lakshmi,2014,,,,,
Raai Lakshmi,2015,,,,,
Raai Lakshmi,2016,,,,,
Raai Lakshmi,2017,,,,,
Raai Lakshmi,2018,,,,,
Raai Lakshmi,2019,,,,,
Raai Lakshmi,2020,,,,,
Anjali,2010,,,,,
Anjali,2011,,,,,
Anjali,2012,,,,,
Anjali,2013,,,,,
Anjali,2014,,,,,
Anjali,2015,,,,,
Anjali,2016,,,,,
Anjali,2017,,,,,
Anjali,2018,,,,,
Anjali,2019,,,,,
Anjali,2020,,,,,
Rakul Preet Singh,2010,,,,,
Rakul Preet Singh,2011,,,,,
Rakul Preet Singh,2012,,,,,
Rakul Preet Singh,2013,,,,,
Rakul Preet Singh,2014,,,,,
Rakul Preet Singh,2015,,,,,
Rakul Preet Singh,2016,,,,,
Rakul Preet Singh,2017,,,,,
Rakul Preet Singh,2018,,,,,
Rakul Preet Singh,2019,,,,,
Rakul Preet Singh,2020,,,,,
Hansika Motwani,2010,,,,,
Hansika Motwani,2011,,,,,
Hansika Motwani,2012,,,,,
Hansika Motwani,2013,,,,,
Hansika Motwani,2014,,,,,
Hansika Motwani,2015,,,,,
Hansika Motwani,2016,,,,,
Hansika Motwani,2017,,,,,
Hansika Motwani,2018,,,,,
Hansika Motwani,2019,,,,,
Hansika Motwani,2020,,,,,
Hari,2010,,,,,
Hari,2011,,,,,
Hari,2012,,,,,
Hari,2013,,,,,
Hari,2014,,,,,
Hari,2015,,,,,
Hari,2016,,,,,
Hari,2017,,,,,
Hari,2018,,,,,
Hari,2019,,,,,
Hari,2020,,,,,
Kajal Aggarwal,2010,,,,,
Kajal Aggarwal,2011,,,,,
Kajal Aggarwal,2012,,,,,
Kajal Aggarwal,2013,,,,,
Kajal Aggarwal,2014,,,,,
Kajal Aggarwal,2015,,,,,
Kajal Aggarwal,2016,,,,,
Kajal Aggarwal,2017,,,,,
Kajal Aggarwal,2018,,,,,
Kajal Aggarwal,2019,,,,,
Kajal Aggarwal,2020,,,,,
Kajal Aggarwal,2010,,,,,
Shruti Haasan,2011,,,,,
Shruti Haasan,2012,,,,,
Shruti Haasan,2013,,,,,
Shruti Haasan,2014,,,,,
Shruti Haasan,2015,,,,,
Shruti Haasan,2016,,,,,
Shruti Haasan,2017,,,,,
Shruti Haasan,2018,,,,,
Shruti Haasan,2019,,,,,
Shruti Haasan,2020,,,,,
Aishwarya Rai Bachchan,2010,,,,,
Aishwarya Rai Bachchan,2011,,,,,
Aishwarya Rai Bachchan,2012,,,,,
Aishwarya Rai Bachchan,2013,,,,,
Aishwarya Rai Bachchan,2014,,,,,
Aishwarya Rai Bachchan,2015,,,,,
Aishwarya Rai Bachchan,2016,,,,,
Aishwarya Rai Bachchan,2017,,,,,
Aishwarya Rai Bachchan,2018,,,,,
Aishwarya Rai Bachchan,2019,,,,,
Aishwarya Rai Bachchan,2020,,,,,
Atlee,2010,,,,,
Atlee,2011,,,,,
Atlee,2012,,,,,
Atlee,2013,,,,,
Atlee,2014,,,,,
Atlee,2015,,,,,
Atlee,2016,,,,,
Atlee,2017,,,,,
Atlee,2018,,,,,
Atlee,2019,,,,,
Atlee,2020,,,,,
Selvaraghavan,2010,,,,,
Selvaraghavan,2011,,,,,
Selvaraghavan,2012,,,,,
Selvaraghavan,2013,,,,,
Selvaraghavan,2014,,,,,
Selvaraghavan,2015,,,,,
Selvaraghavan,2016,,,,,
Selvaraghavan,2017,,,,,
Selvaraghavan,2018,,,,,
Selvaraghavan,2019,,,,,
Selvaraghavan,2020,,,,,
Prakash Raj,2010,,,,,
Prakash Raj,2011,,,,,
Prakash Raj,2012,,,,,
Prakash Raj,2013,,,,,
Prakash Raj,2014,,,,,
Prakash Raj,2015,,,,,
Prakash Raj,2016,,,,,
Prakash Raj,2017,,,,,
Prakash Raj,2018,,,,,
Prakash Raj,2019,,,,,
Prakash Raj,2020,,,,,
Prakash Raj,2010,,,,,
Vikram,2011,,,,,
Vikram,2012,,,,,
Vikram,2013,,,,,
Vikram,2014,,,,,
Vikram,2015,,,,,
Vikram,2016,,,,,
Vikram,2017,,,,,
Vikram,2018,,,,,
Vikram,2019,,,,,
Vikram,2020,,,,,
Prabhas,2010,,,,,
Prabhas,2011,,,,,
Prabhas,2012,,,,,
Prabhas,2013,,,,,
Prabhas,2014,,,,,
Prabhas,2015,,,,,
Prabhas,2016,,,,,
Prabhas,2017,,,,,
Prabhas,2018,,,,,
Prabhas,2019,,,,,
Prabhas,2020,,,,,
R. Madhavan,2010,,,,,
R. Madhavan,2011,,,,,
R. Madhavan,2012,,,,,
R. Madhavan,2013,,,,,
R. Madhavan,2014,,,,,
R. Madhavan,2015,,,,,
R. Madhavan,2016,,,,,
R. Madhavan,2017,,,,,
R. Madhavan,2018,,,,,
R. Madhavan,2019,,,,,
R. Madhavan,2020,,,,,
Sathyaraj,2010,,,,,
Sathyaraj,2011,,,,,
Sathyaraj,2012,,,,,
Sathyaraj,2013,,,,,
Sathyaraj,2014,,,,,
Sathyaraj,2015,,,,,
Sathyaraj,2016,,,,,
Sathyaraj,2017,,,,,
Sathyaraj,2018,,,,,
Sathyaraj,2019,,,,,
Sathyaraj,2020,,,,,
R. Sarathkumar,2010,,,,,
R. Sarathkumar,2011,,,,,
R. Sarathkumar,2012,,,,,
R. Sarathkumar,2013,,,,,
R. Sarathkumar,2014,,,,,
R. Sarathkumar,2015,,,,,
R. Sarathkumar,2016,,,,,
R. Sarathkumar,2017,,,,,
R. Sarathkumar,2018,,,,,
R. Sarathkumar,2019,,,,,
R. Sarathkumar,2020,,,,,
Bala,2010,,,,,
Bala,2011,,,,,
Bala,2012,,,,,
Bala,2013,,,,,
Bala,2014,,,,,
Bala,2015,,,,,
Bala,2016,,,,,
Bala,2017,,,,,
Bala,2018,,,,,
Bala,2019,,,,,
Bala,2020,,,,,
Arun Vijay,2010,,,,,
Arun Vijay,2011,,,,,
Arun Vijay,2012,,,,,
Arun Vijay,2013,,,,,
Arun Vijay,2014,,,,,
Arun Vijay,2015,,,,,
Arun Vijay,2016,,,,,
Arun Vijay,2017,,,,,
Arun Vijay,2018,,,,,
Arun Vijay,2019,,,,,
Arun Vijay,2020,,,,,
Shriya Saran,2010,,,,,
Shriya Saran,2011,,,,,
Shriya Saran,2012,,,,,
Shriya Saran,2013,,,,,
Shriya Saran,2014,,,,,
Shriya Saran,2015,,,,,
Shriya Saran,2016,,,,,
Shriya Saran,2017,,,,,
Shriya Saran,2018,,,,,
Shriya Saran,2019,,,,,
Shriya Saran,2020,,,,,
Sayyeshaa,2010,,,,,
Sayyeshaa,2011,,,,,
Sayyeshaa,2012,,,,,
Sayyeshaa,2013,,,,,
Sayyeshaa,2014,,,,,
Sayyeshaa,2015,,,,,
Sayyeshaa,2016,,,,,
Sayyeshaa,2017,,,,,
Sayyeshaa,2018,,,,,
Sayyeshaa,2019,,,,,
Sayyeshaa,2020,,,,,
Rambha,2010,,,,,
Rambha,2011,,,,,
Rambha,2012,,,,,
Rambha,2013,,,,,
Rambha,2014,,,,,
Rambha,2015,,,,,
Rambha,2016,,,,,
Rambha,2017,,,,,
Rambha,2018,,,,,
Rambha,2019,,,,,
Rambha,2020,,,,,
Sundar C,2010,,,,,
Sundar C,2011,,,,,
Sundar C,2012,,,,,
Sundar C,2013,,,,,
Sundar C,2014,,,,,
Sundar C,2015,,,,,
Sundar C,2016,,,,,
Sundar C,2017,,,,,
Sundar C,2018,,,,,
Sundar C,2019,,,,,
Sundar C,2020,,,,,
Siruthai Siva,2010,,,,,
Siruthai Siva,2011,,,,,
Siruthai Siva,2012,,,,,
Siruthai Siva,2013,,,,,
Siruthai Siva,2014,,,,,
Siruthai Siva,2015,,,,,
Siruthai Siva,2016,,,,,
Siruthai Siva,2017,,,,,
Siruthai Siva,2018,,,,,
Siruthai Siva,2019,,,,,
Siruthai Siva,2020,,,,,
Senthil,2010,,,,,
Senthil,2011,,,,,
Senthil,2012,,,,,
Senthil,2013,,,,,
Senthil,2014,,,,,
Senthil,2015,,,,,
Senthil,2016,,,,,
Senthil,2017,,,,,
Senthil,2018,,,,,
Senthil,2019,,,,,
Senthil,2020,,,,,
Pa Ranjith,2010,,,,,
Pa Ranjith,2011,,,,,
Pa Ranjith,2012,,,,,
Pa Ranjith,2013,,,,,
Pa Ranjith,2014,,,,,
Pa Ranjith,2015,,,,,
Pa Ranjith,2016,,,,,
Pa Ranjith,2017,,,,,
Pa Ranjith,2018,,,,,
Pa Ranjith,2019,,,,,
Pa Ranjith,2020,,,,,
Yogi Babu,2010,,,,,
Yogi Babu,2011,,,,,
Yogi Babu,2012,,,,,
Yogi Babu,2013,,,,,
Yogi Babu,2014,,,,,
Yogi Babu,2015,,,,,
Yogi Babu,2016,,,,,
Yogi Babu,2017,,,,,
Yogi Babu,2018,,,,,
Yogi Babu,2019,,,,,
Yogi Babu,2020,,,,,
Karthik Subbaraj,2010,,,,,
Karthik Subbaraj,2011,,,,,
Karthik Subbaraj,2012,,,,,
Karthik Subbaraj,2013,,,,,
Karthik Subbaraj,2014,,,,,
Karthik Subbaraj,2015,,,,,
Karthik Subbaraj,2016,,,,,
Karthik Subbaraj,2017,,,,,
Karthik Subbaraj,2018,,,,,
Karthik Subbaraj,2019,,,,,
Karthik Subbaraj,2020,,,,,
Bala Saravanan,2010,,,,,
Bala Saravanan,2011,,,,,
Bala Saravanan,2012,,,,,
Bala Saravanan,2013,,,,,
Bala Saravanan,2014,,,,,
Bala Saravanan,2015,,,,,
Bala Saravanan,2016,,,,,
Bala Saravanan,2017,,,,,
Bala Saravanan,2018,,,,,
Bala Saravanan,2019,,,,,
Bala Saravanan,2020,,,,,
Lokesh Kanagaraj,2010,,,,,
Lokesh Kanagaraj,2011,,,,,
Lokesh Kanagaraj,2012,,,,,
Lokesh Kanagaraj,2013,,,,,
Lokesh Kanagaraj,2014,,,,,
Lokesh Kanagaraj,2015,,,,,
Lokesh Kanagaraj,2016,,,,,
Lokesh Kanagaraj,2017,,,,,
Lokesh Kanagaraj,2018,,,,,
Lokesh Kanagaraj,2019,,,,,
Lokesh Kanagaraj,2020,,,,,
AL Vijay,2010,,,,,
AL Vijay,2011,,,,,
AL Vijay,2012,,,,,
AL Vijay,2013,,,,,
AL Vijay,2014,,,,,
AL Vijay,2015,,,,,
AL Vijay,2016,,,,,
AL Vijay,2017,,,,,
AL Vijay,2018,,,,,
AL Vijay,2019,,,,,
AL Vijay,2020,,,,,
Kaali Venkat,2010,,,,,
Kaali Venkat,2011,,,,,
Kaali Venkat,2012,,,,,
Kaali Venkat,2013,,,,,
Kaali Venkat,2014,,,,,
Kaali Venkat,2015,,,,,
Kaali Venkat,2016,,,,,
Kaali Venkat,2017,,,,,
Kaali Venkat,2018,,,,,
Kaali Venkat,2019,,,,,
Kaali Venkat,2020,,,,,
Santhosh Narayanan,2010,,,,,
Santhosh Narayanan,2011,,,,,
Santhosh Narayanan,2012,,,,,
Santhosh Narayanan,2013,,,,,
Santhosh Narayanan,2014,,,,,
Santhosh Narayanan,2015,,,,,
Santhosh Narayanan,2016,,,,,
Santhosh Narayanan,2017,,,,,
Santhosh Narayanan,2018,,,,,
Santhosh Narayanan,2019,,,,,
Santhosh Narayanan,2020,,,,,
Vijay Antony,2010,,,,,
Vijay Antony,2011,,,,,
Vijay Antony,2012,,,,,
Vijay Antony,2013,,,,,
Vijay Antony,2014,,,,,
Vijay Antony,2015,,,,,
Vijay Antony,2016,,,,,
Vijay Antony,2017,,,,,
Vijay Antony,2018,,,,,
Vijay Antony,2019,,,,,
Vijay Antony,2020,,,,,
Ghibran,2010,,,,,
Ghibran,2011,,,,,
Ghibran,2012,,,,,
Ghibran,2013,,,,,
Ghibran,2014,,,,,
Ghibran,2015,,,,,
Ghibran,2016,,,,,
Ghibran,2017,,,,,
Ghibran,2018,,,,,
Ghibran,2019,,,,,
Ghibran,2020,,,,,
D. Imman,2010,,,,,
D. Imman,2011,,,,,
D. Imman,2012,,,,,
D. Imman,2013,,,,,
D. Imman,2014,,,,,
D. Imman,2015,,,,,
D. Imman,2016,,,,,
D. Imman,2017,,,,,
D. Imman,2018,,,,,
D. Imman,2019,,,,,
D. Imman,2020,,,,,
Sam CS,2010,,,,,
Sam CS,2011,,,,,
Sam CS,2012,,,,,
Sam CS,2013,,,,,
Sam CS,2014,,,,,
Sam CS,2015,,,,,
Sam CS,2016,,,,,
Sam CS,2017,,,,,
Sam CS,2018,,,,,
Sam CS,2019,,,,,
Sam CS,2020,,,,,
Vidhyasagar,2010,,,,,
Vidhyasagar,2011,,,,,
Vidhyasagar,2012,,,,,
Vidhyasagar,2013,,,,,
Vidhyasagar,2014,,,,,
Vidhyasagar,2015,,,,,
Vidhyasagar,2016,,,,,
Vidhyasagar,2017,,,,,
Vidhyasagar,2018,,,,,
Vidhyasagar,2019,,,,,
Vidhyasagar,2020,,,,,
Devi shri prasad,2010,,,,,
Devi shri prasad,2011,,,,,
Devi shri prasad,2012,,,,,
Devi shri prasad,2013,,,,,
Devi shri prasad,2014,,,,,
Devi shri prasad,2015,,,,,
Devi shri prasad,2016,,,,,
Devi shri prasad,2017,,,,,
Devi shri prasad,2018,,,,,
Devi shri prasad,2019,,,,,
Devi shri prasad,2020,,,,,
Kovai Sarala,2010,,,,,
Kovai Sarala,2011,,,,,
Kovai Sarala,2012,,,,,
Kovai Sarala,2013,,,,,
Kovai Sarala,2014,,,,,
Kovai Sarala,2015,,,,,
Kovai Sarala,2016,,,,,
Kovai Sarala,2017,,,,,
Kovai Sarala,2018,,,,,
Kovai Sarala,2019,,,,,
Kovai Sarala,2020,,,,,
Manivannan,2010,,,,,
Manivannan,2011,,,,,
Manivannan,2012,,,,,
Manivannan,2013,,,,,
Manivannan,2014,,,,,
Manivannan,2015,,,,,
Manivannan,2016,,,,,
Manivannan,2017,,,,,
Manivannan,2018,,,,,
Manivannan,2019,,,,,
Manivannan,2020,,,,,
Delhi Ganesh,2010,,,,,
Delhi Ganesh,2011,,,,,
Delhi Ganesh,2012,,,,,
Delhi Ganesh,2013,,,,,
Delhi Ganesh,2014,,,,,
Delhi Ganesh,2015,,,,,
Delhi Ganesh,2016,,,,,
Delhi Ganesh,2017,,,,,
Delhi Ganesh,2018,,,,,
Delhi Ganesh,2019,,,,,
Delhi Ganesh,2020,,,,,
Thaman S,2010,,,,,
Thaman S,2011,,,,,
Thaman S,2012,,,,,
Thaman S,2013,,,,,
Thaman S,2014,,,,,
Thaman S,2015,,,,,
Thaman S,2016,,,,,
Thaman S,2017,,,,,
Thaman S,2018,,,,,
Thaman S,2019,,,,,
Thaman S,2020,,,,,
Karunas,2010,,,,,
Karunas,2011,,,,,
Karunas,2012,,,,,
Karunas,2013,,,,,
Karunas,2014,,,,,
Karunas,2015,,,,,
Karunas,2016,,,,,
Karunas,2017,,,,,
Karunas,2018,,,,,
Karunas,2019,,,,,
Karunas,2020,,,,,
Manobala,2010,,,,,
Manobala,2011,,,,,
Manobala,2012,,,,,
Manobala,2013,,,,,
Manobala,2014,,,,,
Manobala,2015,,,,,
Manobala,2016,,,,,
Manobala,2017,,,,,
Manobala,2018,,,,,
Manobala,2019,,,,,
Manobala,2020,,,,,
Venniradai Moorthy,2010,,,,,
Venniradai Moorthy,2011,,,,,
Venniradai Moorthy,2012,,,,,
Venniradai Moorthy,2013,,,,,
Venniradai Moorthy,2014,,,,,
Venniradai Moorthy,2015,,,,,
Venniradai Moorthy,2016,,,,,
Venniradai Moorthy,2017,,,,,
Venniradai Moorthy,2018,,,,,
Venniradai Moorthy,2019,,,,,
Venniradai Moorthy,2020,,,,,
Ganja Karuppu,2010,,,,,
Ganja Karuppu,2011,,,,,
Ganja Karuppu,2012,,,,,
Ganja Karuppu,2013,,,,,
Ganja Karuppu,2014,,,,,
Ganja Karuppu,2015,,,,,
Ganja Karuppu,2016,,,,,
Ganja Karuppu,2017,,,,,
Ganja Karuppu,2018,,,,,
Ganja Karuppu,2019,,,,,
Ganja Karuppu,2020,,,,,
Singamuthu,2010,,,,,
Singamuthu,2011,,,,,
Singamuthu,2012,,,,,
Singamuthu,2013,,,,,
Singamuthu,2014,,,,,
Singamuthu,2015,,,,,
Singamuthu,2016,,,,,
Singamuthu,2017,,,,,
Singamuthu,2018,,,,,
Singamuthu,2019,,,,,
Singamuthu,2020,,,,,
Karunakaran,2010,,,,,
Karunakaran,2011,,,,,
Karunakaran,2012,,,,,
Karunakaran,2013,,,,,
Karunakaran,2014,,,,,
Karunakaran,2015,,,,,
Karunakaran,2016,,,,,
Karunakaran,2017,,,,,
Karunakaran,2018,,,,,
Karunakaran,2019,,,,,
Karunakaran,2020,,,,,
Charle,2010,,,,,
Charle,2011,,,,,
Charle,2012,,,,,
Charle,2013,,,,,
Charle,2014,,,,,
Charle,2015,,,,,
Charle,2016,,,,,
Charle,2017,,,,,
Charle,2018,,,,,
Charle,2019,,,,,
Charle,2020,,,,,
Daniel Annie Pope,2010,,,,,
Daniel Annie Pope,2011,,,,,
Daniel Annie Pope,2012,,,,,
Daniel Annie Pope,2013,,,,,
Daniel Annie Pope,2014,,,,,
Daniel Annie Pope,2015,,,,,
Daniel Annie Pope,2016,,,,,
Daniel Annie Pope,2017,,,,,
Daniel Annie Pope,2018,,,,,
Daniel Annie Pope,2019,,,,,
Daniel Annie Pope,2020,,,,,
Goundamani,2010,,,,,
Goundamani,2011,,,,,
Goundamani,2012,,,,,
Goundamani,2013,,,,,
Goundamani,2014,,,,,
Goundamani,2015,,,,,
Goundamani,2016,,,,,
Goundamani,2017,,,,,
Goundamani,2018,,,,,
Goundamani,2019,,,,,
Goundamani,2020,,,,,
Asin,2010,,,,,
Asin,2011,,,,,
Asin,2012,,,,,
Asin,2013,,,,,
Asin,2014,,,,,
Asin,2015,,,,,
Asin,2016,,,,,
Asin,2017,,,,,
Asin,2018,,,,,
Asin,2019,,,,,
Asin,2020,,,,,
,2010,,,,,
,2011,,,,,
,2012,,,,,
,2013,,,,,
,2014,,,,,
,2015,,,,,
,2016,,,,,
,2017,,,,,
,2018,,,,,
,2019,,,,,
,2020,,,,,
,2010,,,,,
,2011,,,,,
,2012,,,,,
,2013,,,,,
,2014,,,,,
,2015,,,,,
,2016,,,,,
,2017,,,,,
,2018,,,,,
,2019,,,,,
,2020,,,,,
,2010,,,,,
,2011,,,,,
,2012,,,,,
,2013,,,,,
,2014,,,,,
,2015,,,,,
,2016,,,,,
,2017,,,,,
,2018,,,,,
,2019,,,,,
,2020,,,,,
,2010,,,,,
,2011,,,,,
,2012,,,,,
,2013,,,,,
,2014,,,,,
,2015,,,,,
,2016,,,,,
,2017,,,,,
,2018,,,,,
,2019,,,,,
,2020,,,,,
,2010,,,,,
,2011,,,,,
,2012,,,,,
,2013,,,,,
,2014,,,,,
,2015,,,,,
,2016,,,,,
,2017,,,,,
,2018,,,,,
,2019,,,,,
,2020,,,,,
,2010,,,,,
,2011,,,,,
,2012,,,,,
,2013,,,,,
,2014,,,,,
,2015,,,,,
,2016,,,,,
,2017,,,,,
,2018,,,,,
,2019,,,,,
,2020,,,,,
,2010,,,,,
,2011,,,,,
,2012,,,,,
,2013,,,,,
,2014,,,,,
,2015,,,,,
,2016,,,,,
,2017,,,,,
,2018,,,,,
,2019,,,,,
,2020,,,,,
,2010,,,,,
,2011,,,,,
,2012,,,,,
,2013,,,,,
,2014,,,,,
,2015,,,,,
,2016,,,,,
,2017,,,,,
,2018,,,,,
,2019,,,,,
,2020,,,,,
,2010,,,,,
,2011,,,,,
,2012,,,,,
,2013,,,,,
,2014,,,,,
,2015,,,,,
,2016,,,,,
,2017,,,,,
,2018,,,,,
,2019,,,,,
,2020,,,,,
,2010,,,,,
,2011,,,,,
,2012,,,,,
,2013,,,,,
,2014,,,,,
,2015,,,,,
,2016,,,,,
,2017,,,,,
,2018,,,,,
,2019,,,,,
,2020,,,,,
,2010,,,,,
,2011,,,,,
,2012,,,,,
,2013,,,,,
,2014,,,,,
,2015,,,,,
,2016,,,,,
,2017,,,,,
,2018,,,,,
,2019,,,,,
,2020,,,,,
,2010,,,,,
,2011,,,,,
,2012,,,,,
,2013,,,,,
,2014,,,,,
,2015,,,,,
,2016,,,,,
,2017,,,,,
,2018,,,,,
,2019,,,,,
,2020,,,,,
,2010,,,,,
,2011,,,,,
,2012,,,,,
,2013,,,,,
,2014,,,,,
,2015,,,,,
,2016,,,,,
,2017,,,,,
,2018,,,,,
,2019,,,,,
,2020,,,,,
,2010,,,,,
,2011,,,,,
,2012,,,,,
,2013,,,,,
,2014,,,,,
,2015,,,,,
,2016,,,,,
,2017,,,,,
,2018,,,,,
,2019,,,,,
,2020,,,,,
,2010,,,,,
,2011,,,,,
,2012,,,,,
,2013,,,,,
,2014,,,,,
,2015,,,,,
,2016,,,,,
,2017,,,,,
,2018,,,,,
,2019,,,,,
,2020,,,,,
,2010,,,,,
,2011,,,,,
,2012,,,,,
,2013,,,,,
,2014,,,,,
,2015,,,,,
,2016,,,,,
,2017,,,,,
,2018,,,,,
,2019,,,,,
,2020,,,,,
,2010,,,,,
,2011,,,,,
,2012,,,,,
,2013,,,,,
,2014,,,,,
,2015,,,,,
,2016,,,,,
,2017,,,,,
,2018,,,,,
,2019,,,,,
,2020,,,,,
,2010,,,,,
,2011,,,,,
,2012,,,,,
,2013,,,,,
,2014,,,,,
,2015,,,,,
,2016,,,,,
,2017,,,,,
,2018,,,,,
,2019,,,,,
,2020,,,,,
,2010,,,,,
,2011,,,,,
,2012,,,,,
,2013,,,,,
,2014,,,,,
,2015,,,,,
,2016,,,,,
,2017,,,,,
,2018,,,,,
,2019,,,,,
,2020,,,,,
,2010,,,,,
,2011,,,,,
,2012,,,,,
,2013,,,,,
,2014,,,,,
,2015,,,,,
,2016,,,,,
,2017,,,,,
,2018,,,,,
,2019,,,,,
,2020,,,,,
,2010,,,,,
,2011,,,,,
,2012,,,,,
,2013,,,,,
,2014,,,,,
,2015,,,,,
,2016,,,,,
,2017,,,,,
,2018,,,,,
,2019,,,,,
,2020,,,,,
,2010,,,,,
,2011,,,,,
,2012,,,,,
,2013,,,,,
,2014,,,,,
,2015,,,,,
,2016,,,,,
,2017,,,,,
,2018,,,,,
,2019,,,,,
,2020,,,,,
,2010,,,,,
,2011,,,,,
,2012,,,,,
,2013,,,,,
,2014,,,,,
,2015,,,,,
,2016,,,,,
,2017,,,,,
,2018,,,,,
,2019,,,,,
,2020,,,,,
,2010,,,,,
,2011,,,,,
,2012,,,,,
,2013,,,,,
,2014,,,,,
,2015,,,,,
,2016,,,,,
,2017,,,,,
,2018,,,,,
,2019,,,,,
,2020,,,,,
,2010,,,,,
,2011,,,,,
,2012,,,,,
,2013,,,,,
,2014,,,,,
,2015,,,,,
,2016,,,,,
,2017,,,,,
,2018,,,,,
,2019,,,,,
,2020,,,,,
,2010,,,,,
,2011,,,,,
,2012,,,,,
,2013,,,,,
,2014,,,,,
,2015,,,,,
,2016,,,,,
,2017,,,,,
,2018,,,,,
,2019,,,,,
,2020,,,,,
,2010,,,,,
,2011,,,,,
,2012,,,,,
,2013,,,,,
,2014,,,,,
,2015,,,,,
,2016,,,,,
,2017,,,,,
,2018,,,,,
,2019,,,,,
,2020,,,,,
